{"cameraMode":{"drawMode":0,"name":"Shaded","section":"Shading Mode"},"sceneLighting":true,"audioPlay":false,"sceneViewState":{"showFog":true,"showMaterialUpdate":false,"showSkybox":true,"showFlares":true,"showImageEffects":true,"showParticleSystems":true},"in2DMode":false,"pivot":{"x":150.87783813476563,"y":189.16995239257813,"z":138.00994873046876},"rotation":{"x":0.07934631407260895,"y":-0.04185493290424347,"z":0.003334523644298315,"w":0.995962917804718},"size":374.4786071777344,"orthographic":false}